Country Name,Country Code,1993,1994,1995,1996,1997,1998,1999,2000,2001,2002,2003,2004,2005,2006,2007,2008,2009,2010,2011,2012,2013,2014,2015,2016,2017
Afghanistan,AFG,..,..,..,..,..,..,..,..,..,364.570573,376.7587142,364.095436,389.4163578,397.9859047,440.3681553,444.9501379,524.8235332,553.3002894,569.2333877,630.4274126,633.6584113,630.320014,620.056525,617.8899723,618.33279
Albania,ALB,1420.573288,1547.954353,1764.699296,1937.290072,1738.16646,1906.717261,2177.896633,2337.942386,2547.377316,2663.140477,2827.455778,3001.408618,3189.395111,3383.893726,3610.727554,3775.380988,3928.338638,4094.358832,4210.082199,4276.92155,4327.644518,4413.561583,4524.644432,4683.800213,4868.197347
Algeria,DZA,3259.84368,3164.898577,3223.55756,3297.863375,3281.102139,3397.410198,3457.137046,3541.072037,3600.437254,3754.516275,3974.175032,4091.144235,4273.312751,4282.328231,4359.375748,4390.499633,4386.038896,4463.394675,4504.920098,4564.435017,4596.219627,4675.885024,4759.595242,4827.724251,4825.178585
American Samoa,ASM,..,..,..,..,..,..,..,..,..,10613.91154,10630.45365,10661.17354,10644.58107,10282.45659,10619.61365,10500.38584,10199.06015,10352.82276,10442.7265,10000.31107,9711.112717,9779.883487,9884.111866,9614.472672,..
Andorra,AND,32766.05967,32633.82513,32917.64882,34175.26007,37293.28241,38595.72321,40035.48245,40801.54213,41420.84618,42396.3024,45519.49238,47032.86689,48831.92936,49708.40049,48710.66462,43900.9517,41979.8659,39736.35406,38205.77109,38190.58659,39104.30185,40785.04923,41765.92035,42958.55839,43942.93819
Angola,AGO,1348.484358,1323.34467,1476.231169,1628.994844,1700.391855,1732.471967,1720.825359,1720.411654,1735.521928,1906.529203,1924.286586,2046.826178,2387.825414,2741.712283,3259.232322,3579.702774,3537.619888,3531.416878,3539.543078,3592.623771,3705.255352,3746.660488,3729.003541,3576.186894,3484.599515
Antigua and Barbuda,ATG,10772.02187,11205.82219,10440.70689,10834.62877,11117.09478,11335.12856,11470.9865,11981.91636,11191.10258,11147.26358,11683.46255,12218.74486,12857.1643,14325.48102,15466.9528,15278.87405,13270.6971,12174.69786,11789.79908,12069.81138,11928.21847,12403.52822,12771.76758,13315.50863,13618.3597
Argentina,ARG,7612.681153,7952.711552,7630.022274,7955.127652,8500.940362,8728.947651,8339.894389,8182.686502,7735.493364,6816.734855,7337.792038,7913.743124,8522.522732,9112.113163,9830.68092,10125.12627,9428.502541,10276.2605,10780.01566,10557.88539,10699.19772,10323.20694,10498.59253,10206.24955,10398.09246
Armenia,ARM,886.0327859,956.4708855,1043.543141,1121.881629,1172.136802,1267.575283,1317.741923,1404.321462,1548.075851,1761.888272,2019.984867,2244.220171,2571.985756,2933.833478,3366.162187,3629.157702,3136.811727,3218.381655,3371.672831,3606.480554,3710.575743,3827.343195,3935.288772,3932.554617,4219.368549
Aruba,ABW,..,..,..,..,..,..,..,..,..,..,..,..,..,..,..,..,..,24271.94042,..,..,..,..,..,..,..
Australia,AUS,36093.5763,37134.41275,38093.45907,39054.47324,40151.82707,41554.11494,43143.58276,44313.31823,44564.97656,45786.64281,46575.41533,47880.61166,48760.35517,49408.05274,50955.05595,51770.90715,51689.91356,51936.88871,52475.66325,53553.23394,54008.70819,54546.20306,55017.24802,55731.49557,55925.93182
Austria,AUT,34941.1434,35643.02768,36537.99304,37346.00743,38084.70138,39405.41603,40727.48494,42001.21116,42370.9316,42859.3294,43052.60307,43956.58266,44637.85641,45951.73469,47510.29379,48053.48308,46123.49069,46858.04327,48065.31671,48172.2377,47901.36543,47922.33985,47905.54315,48077.87836,49129.23366
Azerbaijan,AZE,1760.554651,1394.744209,1216.077917,1219.509349,1277.854124,1392.361194,1482.329773,1633.394435,1781.246395,1955.41315,2158.007171,2357.396026,2949.442818,3923.658154,4851.176909,5262.101356,5639.001689,5842.805784,5770.969703,5820.079847,6078.320649,6122.980489,6117.030862,5861.511962,5805.134535
"Bahamas, The",BHS,25929.35258,26287.30994,27021.62398,27801.66246,28060.56751,29071.01194,30775.25652,31587.59103,31856.08584,32080.35346,31013.63921,30629.72917,31023.04722,31180.61512,31031.231,29758.2498,28019.14864,27979.11493,27710.10196,28145.35866,27643.39521,27246.48486,27198.9076,26439.05364,26538.94563
Bahrain,BHR,22217.91332,21623.01568,21910.23988,22220.68291,22281.79511,22634.88847,22760.98699,22955.09349,22416.08185,22038.3312,22058.76333,22144.47339,22066.07113,21796.01514,21838.07457,21563.65067,20797.00522,20722.10389,20514.75639,20921.19971,21799.65217,22390.68285,22436.20753,22291.40425,22111.47724
Bangladesh,BGD,426.3094413,433.4123441,445.9189173,456.2377101,466.7725442,480.8688331,493.2552199,509.2934347,525.0721107,535.2467234,550.8628057,570.336736,598.6174259,630.04818,666.4014472,698.564892,725.76626,757.6717572,797.4116804,839.5136872,879.5819661,922.161128,971.641988,1029.577979,1093.049274
Barbados,BRB,12559.30509,12990.83456,13203.44163,13680.82333,14270.00273,14742.49,14747.96111,15035.4474,14629.16632,14703.12531,14983.54393,15146.96991,15700.07264,16532.82987,16762.70906,16708.74022,15974.09087,15959.02979,16011.6377,16003.55202,15951.20932,15901.90093,15998.0488,16273.40659,16503.47836
Belarus,BLR,2547.874012,2252.412454,2024.694736,2088.351553,2336.311677,2544.634654,2642.242333,2808.693996,2956.540618,3125.538912,3369.172108,3780.636232,4164.362013,4608.932088,5028.320019,5560.381904,5583.938524,6029.3968,6375.345039,6491.673382,6557.106572,6664.097249,6398.689735,6229.206745,6375.81729
Belgium,BEL,33505.1655,34479.93755,35228.34192,35719.81023,36955.6362,37605.22806,38856.0635,40170.41893,40357.37076,40892.21772,41036.79826,42344.69483,42994.36365,43782.13955,44960.79786,44956.36733,43591.27188,44380.17663,44556.03681,44337.57677,44209.74335,44676.66073,45052.36535,45457.89934,46078.92909
Belize,BLZ,3557.477256,3491.400762,3424.086115,3363.896311,3358.510525,3352.854539,3513.855276,3838.892488,3910.187257,3997.120685,4257.487388,4343.17724,4342.128891,4424.437379,4358.469001,4385.175932,4307.221118,4344.150177,4333.361776,4397.770641,4332.882536,4411.855979,4482.496647,4367.499876,4315.224989
Benin,BEN,623.9536552,615.1204456,631.1712235,638.0763307,654.5428116,660.6317814,675.6774816,694.2437489,709.4693622,720.168277,722.6671953,732.3354225,723.1999594,730.2752556,752.2152147,767.0318188,763.154718,757.6959074,758.5775214,773.1827226,805.9671602,833.6408777,827.8354579,837.1990377,859.9526858
Bermuda,BMU,63435.47315,63374.76685,65690.96417,66969.93314,69624.43634,71810.38407,73825.18485,79988.35001,84844.73838,83048.80311,85321.24327,86733.37007,87616.38597,91944.87381,94029.60803,94903.19153,89391.21118,88207.32756,86001.17117,81547.85524,79251.78166,..,..,..,..
Bhutan,BTN,861.1939215,915.4099031,983.2624759,1029.177663,1065.056766,1100.16152,1155.209758,1201.105785,1263.967767,1360.792252,1425.055174,1469.37315,1534.820745,1601.915802,1848.566255,1898.052794,1986.135618,2178.921383,2310.003655,2387.005674,2399.918916,2500.260145,2628.189614,2801.27524,2955.811114
Bolivia,BOL,1428.365691,1465.804068,1504.396744,1539.344885,1584.117204,1631.574881,1607.21011,1616.539156,1613.410823,1623.518787,1637.80851,1676.227947,1720.099032,1771.946897,1821.79722,1901.899802,1933.740102,1981.160705,2051.152292,2122.384564,2231.477241,2317.257186,2392.983973,2457.625962,2522.79392
Bosnia and Herzegovina,BIH,..,698.5642943,866.9406721,1665.595366,2255.057369,2608.198841,2852.021041,3002.820841,3131.139402,3293.140249,3421.748431,3628.51644,3946.056679,4160.563103,4405.285059,4664.091803,4545.227666,4614.829041,4700.887837,4714.227206,4882.803667,4992.948867,5190.293777,5382.624146,5561.287951
Botswana,BWA,4010.787152,4053.436042,4237.567299,4386.851537,4641.80548,4585.739928,4939.598056,4954.77429,4891.914844,5115.899886,5280.215175,5349.002024,5512.811229,5883.899059,6270.474082,6552.776641,5948.853248,6346.156204,6610.331922,6779.393897,7409.421155,7574.282097,7308.760621,7485.043912,7523.21632
Brazil,BRA,8028.203927,8320.260475,8549.02152,8599.101647,8751.37999,8645.513397,8555.91567,8779.290799,8777.357134,8924.896961,8911.319512,9309.892056,9495.48465,9761.834283,10244.26715,10656.86947,10538.77828,11224.15408,11560.41875,11673.77054,11915.41705,11870.14841,11351.56575,10868.65344,10888.98239
British Virgin Islands,VGB,..,..,..,..,..,..,..,..,..,..,..,..,..,..,..,..,..,..,..,..,..,..,..,..,..
Brunei Darussalam,BRN,36904.47506,37043.18167,37703.79173,37833.36477,36400.03739,35382.14265,35672.33991,35923.40183,36162.97793,36832.26623,37202.35794,36752.04732,36325.12073,37401.05316,36997.80726,35860.38878,34812.71469,35268.10117,36092.09698,35899.03737,34618.97291,33313.83278,32661.85702,31430.96266,31439.92372
Bulgaria,BGR,3582.856116,3660.401977,3781.903492,3828.246422,3809.686513,3967.996055,3750.493833,3955.275802,4186.920419,4532.853869,4804.484362,5152.414008,5561.163843,5988.770951,6476.054203,6914.398435,6709.527315,6843.26695,7019.174046,7062.134977,7162.997793,7299.548771,7612.022364,7967.708169,8311.930899
Burkina Faso,BFA,356.1288634,351.1044587,361.121422,389.9654459,403.2169436,420.7234544,439.2997264,434.7633304,450.4522807,456.7341349,478.3043523,485.3074043,511.9675905,527.9623495,541.268695,563.4470651,562.8419354,575.4464527,595.3932481,615.0970843,631.6121844,639.7095507,645.3698606,663.9617629,688.5338914
Burundi,BDI,307.123481,290.3198178,263.2708504,239.0396327,232.5068723,240.6275982,234.68485,228.2475687,227.428111,230.9961542,221.2274825,224.5155532,219.1865502,223.4035903,226.3044415,229.8347014,230.0531709,231.1943256,233.518126,235.7052879,239.3310654,243.1019118,226.5280582,218.2835284,212.5474221
Cabo Verde,CPV,1067.066345,1237.739756,1377.419608,1496.609674,1624.702966,1787.999121,1946.851397,2179.984807,2185.253822,2257.316672,2310.49442,2505.172505,2639.382638,2813.185404,3202.379263,3378.646197,3300.550986,3312.825985,3405.78186,3403.03108,3389.940005,3369.642709,3362.209968,3447.560077,3536.956871
Cambodia,KHM,510.1132093,321.3598136,341.9742104,351.3667184,355.2341242,362.1862028,398.3827676,431.3046585,454.0764479,475.0537273,506.7027946,550.0999397,613.2790099,669.0363309,726.4605796,763.6913923,752.9779185,785.6928841,827.9784081,874.1614887,923.1138221,972.9792448,1024.872343,1079.113541,1135.151902
Cameroon,CMR,1063.461498,1056.98901,1065.119526,1083.284822,1111.55138,1132.952026,1152.354548,1163.43141,1183.43807,1201.912083,1224.161026,1272.851204,1264.1544,1272.882674,1299.290928,1308.235499,1300.84144,1309.122208,1326.646015,1349.951713,1385.235437,1428.215673,1469.637741,1495.443362,1503.534595
Canada,CAN,35648.47799,36893.98189,37569.46824,37765.73245,38967.9531,40131.70183,41856.04559,43638.28315,43964.95459,44883.8284,45239.81139,46170.9202,47181.56239,48035.03579,48552.69643,48510.56777,46543.7922,47447.47602,48456.96457,48724.2458,49359.42247,50221.84198,50303.83685,50407.34133,51315.88897
Cayman Islands,CYM,..,..,..,..,..,..,..,..,..,..,..,..,..,..,..,..,..,..,..,..,..,..,..,..,..
Central African Republic,CAF,404.4071651,412.9998621,431.4989013,404.225168,415.7875336,425.6399074,431.4727716,411.9383943,421.659424,428.4774575,397.8115393,414.0304521,410.4150553,422.4389078,434.2507044,436.0739488,437.6016173,446.4436878,458.333018,475.6676415,300.4797421,302.5465308,314.9266856,325.7204657,335.0260856
Chad,TCD,464.2854963,494.9998681,484.7580877,479.0421251,489.0952615,505.1620853,484.0825587,462.5285998,497.3468034,519.2766504,573.3343744,737.9875274,835.1955417,812.0086003,811.0162819,808.8890039,815.9680472,896.5697341,867.9990632,914.1186511,934.702546,967.1027773,962.6559226,874.7670721,823.4348917
Channel Islands,CHI,..,..,..,..,..,..,..,..,..,..,..,..,..,..,..,..,..,..,..,..,..,..,..,..,..
Chile,CHL,7247.053536,7498.852089,8051.48659,8479.875279,8987.619522,9254.794789,9100.999171,9469.110468,9666.476055,9852.833928,10141.73198,10754.3066,11249.8679,11833.95202,12285.04838,12588.69122,12268.44115,12860.17764,13518.76508,14109.14333,14551.04442,14681.33076,14893.88065,14958.56225,15059.53014
China,CHN,1000.61181,1118.499577,1227.556407,1335.36268,1443.774742,1542.06413,1645.987996,1771.741506,1905.61078,2065.718579,2258.912105,2472.586556,2738.20546,3069.304781,3487.845766,3805.025999,4142.038286,4560.512586,4971.544929,5336.060143,5721.693819,6108.238775,6496.624013,6894.464522,7329.089299
Colombia,COL,4497.982343,4679.241776,4841.367135,4862.068052,4951.246421,4904.74819,4629.498032,4764.167747,4774.975609,4825.831999,4945.95797,5139.976626,5312.082352,5596.734741,5910.29238,6048.094531,6078.315455,6250.655044,6592.402325,6789.525501,7051.04027,7291.691868,7446.182401,7531.982578,7600.759144
Comoros,COM,844.1646354,777.1288938,782.9677298,751.9239347,761.462178,751.129339,746.0924069,806.4294733,805.1555286,804.2113184,801.7987558,798.0105715,801.3334599,803.113048,790.3674769,774.6849213,770.9947111,769.1742883,770.3227581,774.4709894,782.5169021,779.8398219,769.477378,768.4389602,769.9297656
"Congo, Dem. Rep.",COD,443.843661,411.2817884,400.9974303,385.992833,355.5041384,341.8498002,319.7079274,290.1676935,276.3373273,276.2548929,282.8426078,292.541949,300.7514453,306.7181759,315.4588336,324.2420875,322.6204891,334.2317394,345.4812198,357.8164082,375.4442663,397.5820234,411.279136,407.5637142,409.1173695
"Congo, Rep.",COG,2600.989475,2391.310326,2418.426747,2452.138075,2368.340133,2387.561298,2260.729824,2364.612918,2387.848636,2430.285145,2383.359123,2395.819621,2503.312055,2573.509881,2447.511634,2496.502308,2595.748499,2737.34233,2751.91068,2782.111882,2806.347432,2922.973185,2925.527748,2771.397345,2576.396117
Costa Rica,CRI,5459.06799,5563.022427,5651.680405,5585.138677,5758.275996,6020.761767,6125.903268,6230.479489,6332.836909,6434.392131,6606.156491,6792.109875,6954.039206,7351.860868,7841.92586,8095.309726,7911.7952,8199.414621,8449.962612,8753.225624,8852.401121,9065.026452,9296.002107,9583.860889,9791.995681
Cote d'Ivoire,CIV,1298.844189,1266.531597,1314.119941,1372.790201,1382.621588,1410.738393,1396.999554,1336.42961,1310.286472,1264.222306,1224.968341,1218.12035,1216.208471,1210.668211,1207.087189,1211.623843,1223.510617,1219.749096,1138.664957,1229.7782,1305.709227,1384.910349,1469.730178,1552.861013,1632.677493
Croatia,HRV,..,..,8475.139929,9322.357785,9772.260657,10111.22891,9900.063521,10569.02697,10897.53979,11469.27644,12106.72816,12603.86166,13119.78216,13753.79057,14475.15214,14777.35013,13703.00181,13542.90183,13931.2814,13660.25631,13609.58431,13651.99247,14088.0751,14635.88001,15219.88279
Cuba,CUB,2784.725497,2790.098674,2844.120537,3051.682842,3121.538767,3112.345295,3291.304494,3473.243494,3572.396058,3613.136357,3741.206408,3949.347798,4385.002484,4908.879332,5261.896726,5475.581071,5550.705973,5676.141403,5824.103628,5985.201531,6133.473727,6182.773703,6444.980113,..,..
Curacao,CUW,..,..,..,..,..,..,..,..,..,..,..,..,..,..,..,..,..,..,..,..,..,..,..,..,..
Cyprus,CYP,21747.82876,22559.50146,24030.2363,23965.52557,24234.41822,25192.43326,26114.99869,27317.80369,27998.01692,28619.82646,28974.13482,29895.75294,30565.7818,31415.82316,32236.59055,32651.90559,31223.62178,30818.46396,30138.59351,28775.07467,27130.56836,27045.76793,27738.50325,28549.46969,29432.66573
Czech Republic,CZE,12313.04032,12666.68851,13462.9868,14047.84332,13979.36297,13946.61807,14160.91238,14806.58347,15294.62929,15577.3922,16143.26364,16930.1897,18011.3867,19193.75482,20151.17812,20520.77996,19424.27306,19808.07109,20118.58781,19929.76407,19826.79194,20343.68375,21381.70308,21894.11265,22779.2919
Denmark,DNK,45655.91862,47928.3658,49122.88193,50262.2255,51685.98052,52640.93952,54013.77798,55850.63643,56108.96272,56190.81452,56256.76761,57608.73489,58792.67138,60892.76661,61174.54515,60504.7753,57229.05164,58041.41122,58575.61892,58487.78637,58788.08179,59437.9339,59967.74282,60670.23721,61582.16607
Djibouti,DJI,..,..,..,..,..,..,..,..,..,..,..,..,..,..,..,..,..,1325.990724,..,..,..,..,..,..,..
Dominica,DMA,4743.064371,4799.965907,4895.094675,5040.161193,5143.641636,5435.264384,5502.699817,5541.346784,5568.042544,5458.360563,5855.398192,6021.139065,5994.701868,6154.642176,6530.488651,6983.303106,6886.596951,6912.435714,6869.734475,6765.235391,6691.06428,6951.032398,6738.661245,6880.625795,6556.65178
Dominican Republic,DOM,3052.581674,3074.763457,3192.193258,3325.423504,3561.301588,3739.543847,3899.288326,4017.431169,4052.581492,4169.945552,4051.683137,4094.076257,4414.812085,4751.041363,5031.953697,5122.22509,5101.216752,5453.926861,5552.395627,5631.468069,5833.435171,6203.725971,6562.767094,6917.604944,7153.078718
Ecuador,ECU,3770.346315,3844.784439,3847.507292,3832.76269,3917.655997,3966.173489,3706.649777,3678.902316,3759.894861,3848.266846,3888.341901,4139.080573,4286.515247,4400.859602,4421.902428,4624.196579,4573.247084,4657.302361,4943.422704,5140.262907,5311.212121,5428.714031,5352.876457,5191.09956,5269.61757
"Egypt, Arab Rep.",EGY,1587.73138,1618.584783,1661.331765,1711.465061,1772.210449,1810.169332,1885.743144,1950.606982,1982.111633,1990.992161,2015.897997,2059.377515,2112.48797,2217.39483,2333.467313,2456.731426,2524.432444,2602.479549,2593.596902,2593.226466,2591.059451,2608.375197,2665.351614,2725.675733,2785.370021
El Salvador,SLV,2381.612741,2461.404559,2547.550156,2540.844779,2594.956008,2640.34359,2675.865341,2686.425343,2692.403107,2719.155401,2747.191138,2758.157242,2819.589678,2928.674638,2969.926378,3019.78719,2943.876855,2992.545274,3092.601934,3164.968873,3224.835391,3272.74025,3333.946211,3402.600861,3463.543578
Equatorial Guinea,GNQ,682.1641501,768.8668116,871.5886657,1398.892661,3364.352899,4002.270952,4831.072653,5484.300832,8603.955679,9867.562103,10788.02891,14266.92792,15941.64698,16413.54041,18075.17676,20333.94044,19684.69701,17136.44568,17461.55192,18106.33666,16634.76767,16028.24954,14001.59913,12317.71423,11486.61096
Eritrea,ERI,431.7854578,525.7242168,539.9261479,584.953705,622.2366459,620.9174847,606.3255127,571.6032306,603.1051001,601.0342469,565.7250537,556.0356399,554.4881994,535.9296731,532.2314773,471.1666248,480.608925,482.1490904,514.1795982,..,..,..,..,..,..
Estonia,EST,..,..,7313.740904,7817.604638,8840.261057,9293.07551,9186.392954,10108.20529,10816.60315,11546.77265,12481.18961,13346.39831,14681.22537,16285.00672,17627.02972,16716.50316,14282.6035,14638.60482,15798.63278,16538.2126,16918.58711,17453.36713,17733.95766,18094.5873,18977.3944
Ethiopia,ETH,178.6086473,177.9948728,182.7088782,199.0050217,199.1113029,186.6614019,190.6915483,196.5049622,206.7431435,203.9059129,193.8669151,214.0448316,232.7832002,251.0560465,272.391198,293.8533133,311.3677438,341.3099092,369.58442,391.1317953,421.3841357,452.7782361,487.2900106,511.1874265,549.8478728
Faroe Islands,FRO,..,..,..,..,..,..,..,..,..,..,..,..,..,..,..,..,..,47397.90292,..,..,..,..,..,..,..
Fiji,FJI,2977.502544,3085.864381,3122.913408,3235.3573,3130.720191,3141.87758,3392.172764,3315.067475,3368.93086,3470.458267,3501.140968,3678.925784,3689.067382,3732.003475,3667.452541,3667.860843,3580.397019,3651.966784,3719.88948,3744.277109,3894.262538,4084.199787,4211.058878,4195.968096,4322.986238
Finland,FIN,29782.54353,30822.60836,31997.00417,33059.09669,35021.58663,36824.84797,38372.22204,40450.37337,41399.94358,41993.68902,42729.02447,44277.8427,45353.26,47011.6576,49239.19396,49363.6972,45065.75349,46202.41516,47171.02206,46277.55628,45715.64682,45239.3688,45151.51216,45983.31333,47057.61905
France,FRA,32869.77897,33515.71351,34091.16745,34442.18439,35122.74628,36237.963,37280.34107,38460.6821,38928.03031,39078.1987,39120.19614,39915.26454,40252.41822,40922.08323,41630.09374,41478.93741,40052.30512,40638.334,41283.1481,41158.88498,41183.51096,41374.76125,41642.31043,41968.98157,42567.74365
French Polynesia,PYF,..,..,..,..,..,..,..,..,..,..,..,..,..,..,..,..,..,..,..,..,..,..,..,..,..
Gabon,GAB,10969.93908,11085.35403,11342.37,11459.62263,11816.707,11925.95409,10593.39121,10137.6955,10098.74589,9823.392802,9789.019455,9595.98904,9579.493437,9041.80329,9299.59729,8715.581649,8450.06088,8754.142234,9060.714284,9212.456854,9408.19444,9508.284586,9598.441252,9552.783534,9442.026283
"Gambia, The",GMB,514.4664479,501.1116152,491.5940169,488.5562392,498.2036418,501.0835344,517.7767093,530.1024072,543.7862192,509.7225422,527.5055742,546.7760334,524.5139491,513.7555114,515.773111,528.3727915,544.9597908,562.4837817,521.6127037,533.7780443,542.1330888,530.3188534,536.414127,531.9194059,534.2694836
Georgia,GEO,1059.310421,958.8062159,1010.250679,1152.091557,1297.023189,1350.496688,1400.104016,1436.879497,1516.879883,1610.707253,1812.111762,1943.558701,2158.094533,2391.414647,2722.151531,2821.080743,2753.639266,2964.477034,3220.391348,3469.671701,3633.740883,3851.723415,3973.219348,4083.998158,4290.16785
Germany,DEU,33583.00604,34289.12475,34782.56863,34965.69089,35560.20929,36258.67443,36955.28961,37998.42531,38577.72563,38512.92004,38218.34965,38673.88811,38969.3217,40456.85738,41831.86709,42365.0975,40086.10476,41785.55691,44125.33141,44259.25991,44354.73689,45022.56535,45412.55681,45923.00757,46747.19247
Ghana,GHA,869.0733241,873.907736,886.4879122,904.3487332,919.6515702,940.0469711,957.9797265,969.2355437,982.9448254,1001.250246,1026.411053,1056.013437,1089.481796,1129.253484,1147.880699,1220.728366,1247.463066,1312.607557,1460.660022,1558.4759,1633.514247,1659.796675,1684.727578,1708.779918,1813.835583
Gibraltar,GIB,..,..,..,..,..,..,..,..,..,..,..,..,..,..,..,..,..,..,..,..,..,..,..,..,..
Greece,GRC,19303.66698,19591.39952,19909.5296,20389.31802,21198.79065,21902.73878,22489.31596,23275.44431,24111.41745,24965.59403,26349.27734,27614.40593,27698.51061,29176.39287,30054.88939,29874.74345,28514.81009,26917.75898,24495.71113,22830.52678,22251.25729,22565.68048,22648.76988,22687.60033,23027.41345
Greenland,GRL,24748.53368,26073.0271,26899.80186,27262.4139,27613.4807,29702.68897,30111.9577,32193.00252,32514.75985,32051.66566,33380.20993,35645.60107,37352.89254,39539.91571,40626.78143,43305.70276,43684.5872,43988.33249,43781.46256,44454.37355,43954.02161,46443.76342,46738.06226,50255.117,..
Grenada,GRD,4606.025571,4632.198447,4690.730103,4872.621879,5100.51161,5688.944102,6073.985987,6359.782715,6216.995793,6414.885001,7003.12553,6938.738248,7837.352095,7501.842152,7936.041405,7984.841525,7430.563894,7365.666659,7393.888306,7280.33653,7421.478541,7932.668259,8406.774831,8676.339196,8957.592461
Guam,GUM,..,..,..,..,..,..,..,..,..,27723.63678,27883.24017,29604.14798,30592.1608,29375.27625,29576.89604,30054.20285,30111.6816,30700.43401,30693.12748,31257.15694,31754.10786,32129.515,32119.65208,32013.76938,..
Guatemala,GTM,2259.766535,2296.931221,2355.894116,2371.31183,2420.026945,2484.760248,2522.861417,2554.781528,2554.258619,2591.329436,2594.926125,2614.71279,2638.29047,2717.763497,2825.138099,2854.071962,2806.980441,2825.52407,2880.414655,2903.397849,2947.972105,3007.900213,3069.043518,3100.981325,3124.210359
Guinea,GIN,545.686789,538.6947283,540.1137601,546.0776732,560.2215242,569.3487638,580.7751251,584.8519084,595.2601769,614.616203,610.7598363,613.1719489,619.1855018,613.7058494,641.6265414,653.5133962,631.923179,647.8032029,669.2170734,693.3391048,704.6831193,714.1632754,723.8703088,779.9110761,856.7679526
Guinea-Bissau,GNB,619.8966011,625.386789,639.3642538,700.0252252,732.4663824,517.782951,514.1466519,532.267639,533.4980892,517.6199492,509.656955,512.4275343,522.4895312,522.5107955,527.1382798,531.2103308,535.8599938,546.7216686,576.0128028,551.6373419,554.9114947,545.8984855,564.7299549,585.1683069,604.6245442
Guyana,GUY,1806.127557,1947.513034,2036.701923,2195.620718,2336.484149,2304.314385,2381.150306,2354.531528,2410.830439,2437.396277,2412.980873,2493.142424,2446.651895,2576.775327,2764.050261,2824.558718,2927.327312,3044.949129,3192.295544,3342.920663,3486.980761,3595.925011,3684.923585,3783.543328,3871.390695
Haiti,HTI,..,..,..,757.0576031,763.5015332,766.3173808,773.421284,766.9367192,746.4099982,732.5522302,723.6016869,687.1914107,688.7029869,693.2629969,705.3883417,700.4833324,711.24624,662.2795182,688.8433867,698.7877652,718.4204652,728.7803218,728.0632246,729.3604578,728.9204029
Honduras,HND,1641.545079,1575.269742,1594.35708,1606.979844,1642.161602,1645.288156,1572.254216,1620.056113,1622.208141,1641.397203,1674.395484,1736.692884,1799.490332,1874.953449,1947.957434,1987.914083,1900.382571,1932.85829,1969.310414,2013.478306,2033.316186,2059.474909,2102.376959,2144.869367,2210.587281
"Hong Kong SAR, China",HKG,21040.4988,21813.70375,21893.6705,21835.03458,22758.30153,21241.43755,21566.91811,23015.88824,22975.03477,23252.44675,24010.46658,25896.62106,27688.69844,29446.23689,31081.54801,31553.61323,30711.48476,32549.99823,33888.49592,34086.32123,35002.51749,35717.67916,36260.59546,36816.14986,37927.13462
Hungary,HUN,8544.512977,8808.381919,8952.03937,8968.698966,9286.958758,9702.890567,10040.51221,10490.35032,10918.24881,11445.19358,11919.76889,12544.09037,13120.62026,13647.15237,13727.73483,13869.44117,12974.14418,13092.23376,13347.58402,13196.15334,13509.92425,14119.07042,14629.23503,14997.20052,15647.84603
Iceland,ISL,..,..,..,31270.44626,32598.33732,34514.69704,35427.86172,36554.65752,37488.69237,37360.10183,37976.67194,40684.26369,42604.4542,43703.94719,46629.65653,46529.85102,43354.76845,41851.73548,42543.14055,42875.64555,44301.75532,44775.63537,46221.93257,48995.16855,49910.00552
India,IND,563.7496877,589.7087876,622.3036831,656.697144,670.6101216,699.0688547,747.2520357,762.3133408,785.3446281,801.5079327,850.2932649,902.9057944,971.2297607,1044.89394,1130.090071,1156.932527,1237.339786,1345.770153,1416.403391,1474.967674,1550.14223,1645.326141,1758.837777,1862.430444,1963.546321
Indonesia,IDN,1968.124136,2083.063682,2219.811058,2357.959351,2433.340508,2084.234548,2071.55063,2143.38989,2190.76618,2257.746855,2333.097483,2416.836389,2519.509842,2621.960398,2750.615143,2876.88504,2970.044131,3113.480635,3262.748613,3415.351267,3560.10658,3692.942875,3827.550779,3974.731667,4130.663276
"Iran, Islamic Rep.",IRN,4615.920133,4490.283047,4528.295543,4684.645876,4622.597195,4635.303932,4591.461523,4781.850824,4749.806309,5028.437362,5401.750199,5572.905717,5684.957501,5901.641789,6311.7895,6256.877968,6247.69166,6531.92743,6622.672941,6052.516833,5964.179046,6161.103523,6007.004893,6733.9125,6946.856581
Iraq,IRQ,2328.064523,2345.586662,2322.873826,2500.006107,2937.47386,3839.827458,4379.199344,4311.281314,4285.86362,3880.111603,2526.043142,3792.142463,3857.610405,4143.691703,4098.306627,4325.667983,4354.683627,4502.749048,4695.357216,5178.422294,5390.009586,5253.627075,5336.648287,5750.611361,5545.937291
Ireland,IRL,25206.32643,26552.28658,28961.58012,30977.1836,33823.82375,36318.10799,39723.96934,42945.22592,44719.90416,46746.97453,47426.37176,49678.40456,51527.33372,52926.19962,54096.24903,50918.32904,48071.71957,48671.88829,49906.59515,49714.03073,50263.40357,54052.9549,67229.19169,69892.31565,74433.45566
Isle of Man,IMN,26254.12902,27241.89941,28305.93102,30333.73652,32733.27128,36884.13646,41607.21855,43464.70775,45402.20074,47625.67324,50152.52803,52232.44009,54749.51786,58354.98733,62050.66581,67461.40946,68209.40565,73935.679,76836.26794,80989.33644,84002.24186,87612.12116,84046.13602,..,..
Israel,ISR,22633.17572,23692.85162,24592.24812,25230.31031,25508.75376,25970.83378,26233.30559,27636.34077,26999.36506,26503.84335,26229.39977,26947.4445,27570.94557,28499.32593,29614.07515,29962.00561,29658.52263,30642.94062,31482.99716,31507.47856,32196.35817,32661.29413,32993.31428,33677.46195,34134.80561
Italy,ITA,31243.67902,31909.23671,32829.88275,33242.8523,33835.07313,34371.98202,34902.26213,36180.77833,36801.29381,36837.86399,36729.97554,37070.33052,37238.93653,37872.16836,38236.79561,37585.33735,35363.40046,35849.3732,35994.13358,34885.2969,33887.29817,33615.97178,33968.70396,34318.49682,34877.82914
Jamaica,JAM,4860.544164,4880.199791,4946.869362,4893.888553,4791.62933,4635.788651,4642.551064,4644.5969,4671.638422,4732.355683,4874.995041,4910.08249,4925.277388,5039.413634,5083.603991,5015.853838,4774.451189,4682.521248,4742.918413,4694.247259,4699.768457,4714.8611,4740.638234,4790.039107,4798.208499
Japan,JPN,39187.03454,39441.58676,40368.71228,41514.89779,41861.75344,41277.06676,41097.9596,42169.73328,42239.18493,42190.80487,42744.01128,43671.67997,44393.62638,44995.49449,45687.27381,45165.78792,42724.76037,44507.67639,44538.72619,45276.87434,46249.20959,46484.15527,47163.49421,47660.89304,48556.92724
Jordan,JOR,2622.151538,2623.572062,2678.074259,2650.809234,2672.816852,2699.409952,2743.02603,2810.035148,2906.622753,3020.089846,3082.054945,3262.190577,3417.730137,3557.302686,3687.233645,3773.187675,3786.533481,3679.190275,3578.765809,3481.688742,3401.076037,3348.826851,3297.894412,3258.49324,3238.252005
Kazakhstan,KAZ,4512.620204,4001.669281,3738.469473,3814.499327,3941.124848,3933.557768,4078.426793,4491.591823,5106.634167,5606.852997,6107.709259,6647.69213,7227.982949,7917.195342,8523.766205,8698.423654,8573.708294,9070.488253,9603.244655,9923.422208,10368.4993,10646.03446,10617.47465,10582.70087,10857.37728
Kenya,KEN,853.4177929,849.6785594,861.2311422,871.4117926,851.1658328,855.0818286,851.0500204,833.0124524,841.2030184,823.0747894,824.4529698,843.2117975,868.9047117,900.0818061,935.6370088,912.3577048,917.0247151,967.3504549,998.9775712,1016.806597,1048.236812,1075.659399,1107.993016,1143.364404,1169.343647
Kiribati,KIR,1645.649905,1653.237353,1630.71351,1633.616245,1634.392809,1712.394075,1657.273351,1730.812083,1676.518539,1710.432413,1714.288013,1655.680505,1704.105574,1642.734291,1643.156736,1577.919786,1549.004632,1493.16051,1471.552486,1519.480357,1578.875553,1565.242541,1696.466766,1685.992669,1708.392655
"Korea, Dem. People��_s Rep.",PRK,..,..,..,..,..,..,..,..,..,..,..,..,..,..,..,..,..,..,..,..,..,..,..,..,..
"Korea, Rep.",KOR,10279.54728,11113.5131,12055.23129,12847.771,13481.62617,12652.35349,13983.41283,15104.52152,15667.37846,16734.84566,17136.66157,17905.22579,18568.36281,19427.18984,20385.32004,20803.50054,20843.1348,22086.95292,22724.70557,23123.76136,23685.40671,24323.57284,24870.7709,25484.03759,26152.03077
Kosovo,XKX,..,..,..,..,..,..,..,1919.837833,2436.039671,2417.321629,2560.142448,2625.235086,2781.731837,2883.73864,3069.098057,3125.068089,3203.662885,3283.211938,3411.782819,3482.951136,3565.133134,3612.40082,3802.0484,3925.378148,4068.210077
Kuwait,KWT,..,..,41473.32844,41185.03992,40147.42062,38874.50983,35824.1351,35792.70979,35051.80226,35522.72737,41189.46318,44820.20002,47847.82359,49268.26312,49588.76428,47965.00883,41936.81677,38497.61696,39652.17118,39733.28919,37924.47244,36259.66868,35053.59084,35250.91458,33545.61763
Kyrgyz Republic,KGZ,714.76283,571.4039968,535.0439646,564.5314541,611.5212859,614.9898486,628.0693228,654.3123118,682.624142,676.2696342,716.2642508,757.3744283,747.5656166,762.5201161,819.8062973,880.2788201,894.8179586,880.0377751,921.1770391,905.1656688,984.2390335,1003.510404,1021.160792,1043.951112,1070.323406
Lao PDR,LAO,496.2075318,523.4354462,547.3599299,572.8553468,600.1949322,612.5907755,645.9960399,672.1678299,699.6334799,729.894199,762.7462611,799.0736305,842.5676301,900.2754365,952.316936,1009.460775,1067.575917,1141.127115,1215.881729,1296.745665,1383.70298,1470.499706,1556.670712,1642.730096,1730.404815
Latvia,LVA,..,..,5140.528159,5321.39679,5857.036582,6298.1261,6515.892723,6934.722926,7478.763105,8103.587637,8872.103199,9717.109046,10873.41429,12278.30704,13614.25637,13270.00041,11547.99077,11326.21947,12270.34062,12924.72616,13381.33173,13758.95531,14284.28833,14733.83944,15553.32797
Lebanon,LBN,6091.981627,6416.326525,6703.230226,6961.331744,6754.391143,6949.233886,6824.183158,6747.63318,6749.152265,6656.741701,6539.65727,6636.30315,6606.292,6592.54408,7157.550781,7859.944203,8501.108516,8858.283977,8450.107467,8107.444173,7753.879646,7447.364344,7189.633711,7143.959095,7197.630421
Lesotho,LSO,761.6052538,792.2867525,804.8390879,837.5635586,857.4627484,860.7373095,855.8480551,880.3716788,903.3847774,902.0998351,935.4712236,943.6131803,968.3999117,1001.087068,1040.667573,1101.004417,1113.984813,1169.267842,1235.662776,1293.633415,1300.406154,1323.237732,1338.535374,1352.476709,1409.216948
Liberia,LBR,160.258822,124.5955771,115.7941356,122.8561105,235.4513407,283.4317064,321.9045543,392.4902075,389.5484379,394.7398854,271.022142,272.8551567,279.7962343,292.0377423,307.3996186,315.8760863,319.6557364,327.4205097,343.6464003,361.2325074,383.0794397,376.5888573,367.4759785,352.6460784,352.2859531
Libya,LBY,..,..,..,..,..,..,8782.826247,8967.247453,8671.836454,8453.584716,9403.453647,9670.084548,10653.7844,11175.12987,11707.9854,11856.02054,11631.71901,12120.56217,4578.531815,10208.67461,8823.551953,6697.103279,6073.4062,5848.937361,7314.624396
Liechtenstein,LIE,..,..,..,..,..,..,..,..,..,..,..,..,..,..,..,..,..,141165.0829,..,..,..,..,..,..,..
Lithuania,LTU,..,..,5322.419525,5639.236888,6152.136988,6659.598095,6630.914566,6933.587869,7447.077453,8014.636909,8931.519535,9624.013733,10537.91037,11500.52915,12928.25994,13405.18824,11546.82225,11984.86857,12999.42674,13679.149,14301.72976,14935.53502,15383.46264,15945.52348,16793.25004
Luxembourg,LUX,72999.73764,74763.87116,74776.80547,74790.0676,78075.53056,81771.44098,87516.44512,93462.92485,94695.33924,97287.59728,97678.46054,99778.46879,101380.7746,104943.4403,111968.3495,108577.3523,101939.6134,104965.3061,105264.7484,102404.6119,103721.747,107152.9089,107648.608,108600.9349,107865.2735
"Macao SAR, China",MAC,24703.3655,25235.16295,25544.58069,24928.28283,24363.6029,22780.46118,21777.32979,22524.48618,22640.67459,24072.06125,26220.0959,32438.39508,34246.02257,37959.20971,42537.77527,43081.35323,42739.32825,52374.79445,62279.51728,66449.03911,72183.52947,69749.15662,53580.49086,52144.02889,55936.80308
"Macedonia, FYR",MKD,3145.56069,3093.882098,3057.004226,3083.60699,3112.123134,3197.353239,3315.756608,3448.834452,3329.920826,3369.632048,3436.967605,3591.293326,3755.036592,3942.436134,4192.948487,4418.267429,4398.773805,4542.904104,4645.515002,4620.637317,4751.901411,4920.216063,5104.777388,5249.223826,5245.359606
Madagascar,MDG,436.1016674,422.7461608,416.9383208,412.8083375,414.7742537,417.666676,423.5761412,430.1089963,442.1358235,374.4890908,398.9019786,407.5174621,413.8674949,422.1411671,435.7172452,453.6365642,423.3057408,412.7309341,407.3272819,408.3421256,406.3749932,408.6610331,410.1941592,416.0027173,421.8912457
Malawi,MWI,353.4557118,315.9296239,364.6085057,383.5178873,387.63064,390.5824919,390.0893667,384.6801697,355.5508487,352.0284511,362.3719364,371.7873703,373.232125,379.438608,403.4945968,421.2261448,442.5572847,458.8681744,466.9633422,461.8873418,471.8404663,484.3686249,483.628811,481.4519367,486.445325
Malaysia,MYS,5500.158892,5858.992711,6275.163705,6729.575335,7040.844171,6360.997859,6589.654153,7009.655362,6893.333246,7114.871167,7377.364628,7725.904122,7983.952569,8273.725281,8635.566379,8890.793065,8599.435523,9071.356987,9377.187567,9708.936994,9981.15458,10398.2269,10745.04547,11031.82156,11521.45446
Maldives,MDV,..,..,4600.6696,4861.856949,5171.480163,5457.241749,5682.845465,5777.216367,5420.948222,5670.469219,6282.231846,6485.024179,5484.950255,6736.813258,7068.651765,7537.636828,6806.405052,7100.405899,7490.445206,7458.860047,7776.543931,8124.707759,8105.540247,8416.944748,8980.033982
Mali,MLI,499.2204121,504.3585379,495.698186,517.0869607,528.2682746,553.6650742,569.7042061,553.5780114,620.2847837,620.55831,656.4918881,645.9229792,666.257623,674.7401265,675.4092087,684.4944184,693.5460684,708.3707632,709.3993798,683.0015974,678.7562806,705.7884727,726.248067,745.8707245,762.2259695
Malta,MLT,13332.57544,13954.88599,14736.87762,15193.46201,15871.60846,16577.03279,17256.85159,18306.66506,18280.21353,18685.65569,19035.36115,18991.7828,19585.12427,19870.7522,20590.95219,21142.02081,20466.5636,21087.79469,21276.41025,21657.96957,22340.75372,23676.03236,25342.02229,26064.17138,27145.81054
Marshall Islands,MHL,2825.471279,2960.372058,3175.884122,2827.282542,2630.154938,2543.881281,2475.558458,2617.365432,2756.475861,2829.937008,2837.036178,2842.690116,2926.635269,2967.371233,3072.293763,3017.071072,2961.927086,3146.763948,3177.638584,3279.9636,3365.465417,3333.361046,3315.192935,3373.945538,3454.32339
Mauritania,MRT,1031.707101,972.8807544,1038.26412,1066.519367,992.5955313,989.1033223,1033.139259,998.106968,988.4702483,966.4729276,995.1946505,1022.75037,1083.195274,1251.630164,1251.154377,1229.454387,1182.37837,1203.383663,1223.344601,1256.20197,1293.555486,1326.158655,1306.649583,1296.0074,1305.205043
Mauritius,MUS,4181.671063,4294.088121,4439.862813,4640.253025,4843.144245,5083.423339,5150.249909,5560.234649,5658.449692,5738.055974,5905.001213,6205.253196,6245.196957,6746.886623,7100.861823,7456.369246,7683.124925,8000.376432,8313.271254,8580.085649,8848.887032,9163.633354,9468.940701,9822.008134,10186.05382
Mexico,MEX,7940.144044,8174.691916,7522.221743,7893.907325,8296.165755,8588.637741,8694.987189,8997.433502,8843.901047,8731.219909,8749.777923,8977.657706,9059.81037,9327.736081,9392.686993,9347.524159,8712.140486,9016.457812,9207.729199,9405.813045,9400.322,9536.60032,9717.89843,9871.670109,9946.157994
"Micronesia, Fed. Sts.",FSM,2644.515637,2577.726408,2721.862315,2617.989667,2455.608201,2534.355594,2579.481681,2706.829542,2760.984944,2782.273258,2840.873944,2758.104254,2824.930408,2834.905631,2795.301742,2749.006605,2795.226392,2861.771348,2961.787228,2901.881468,2784.557914,2716.322626,2838.869665,2823.433527,2863.33943
Moldova,MDA,..,..,1086.936033,1025.106586,1045.851658,977.8249955,946.3741874,968.2881767,1029.653765,1112.540193,1189.312174,1280.485916,1379.875617,1450.134315,1497.103826,1616.95279,1521.855571,1631.535832,1743.488077,1731.510798,1894.780109,1986.94062,1980.267412,2070.634372,2165.156404
Monaco,MCO,..,..,..,..,..,..,..,..,..,..,..,..,..,..,..,..,..,144246.3688,..,..,..,..,..,..,..
Mongolia,MNG,1363.653468,1382.195928,1459.106284,1479.78785,1524.860104,1562.480557,1596.51171,1600.479484,1632.524675,1693.081138,1792.873168,1961.491893,2079.11237,2229.154535,2425.68184,2604.928915,2533.175737,2650.353648,3053.612268,3365.571975,3685.747845,3901.866604,3923.628469,3906.115875,4071.09329
Montenegro,MNE,..,..,..,..,5014.107195,5275.881067,4793.049831,4950.21952,4984.567617,5059.154909,5164.102981,5383.120391,5599.877368,6072.034173,6476.594791,6932.072358,6516.357371,6682.281158,6890.773061,6697.446381,6928.374526,7045.116117,7279.88886,7492.863406,7812.947614
Morocco,MAR,1699.403662,1848.783237,1722.193306,1907.786447,1853.012855,1962.03424,1958.953786,1972.300287,2091.234516,2130.733918,2230.904753,2310.338449,2358.443579,2507.674658,2566.216701,2686.228297,2765.856154,2834.20472,2942.038817,2987.31592,3077.315005,3113.799415,3209.714713,3204.864653,3292.445138
Mozambique,MOZ,169.2182343,172.7925618,170.5817089,209.861657,226.3039233,246.7100989,259.2318253,256.5393797,281.0676913,296.9834863,307.0340734,321.3028804,339.1322442,361.7450376,377.3832719,391.7101473,404.596955,419.2258149,436.1431815,454.106824,472.590637,493.2533014,510.7935906,514.9615392,518.9608773
Myanmar,MMR,219.283883,232.9093984,246.0642707,258.5950686,269.6495273,281.7317043,308.5901093,346.7746454,381.7030096,422.9583997,476.6124381,536.2101036,603.8320887,677.7036471,753.9518937,826.0946985,907.3623858,987.7365832,1034.77236,1101.206165,1183.279235,1266.124091,1342.263064,1408.14066,1484.200746
Namibia,NAM,3631.580738,3586.942711,3617.290035,3620.889061,3661.051521,3673.844599,3700.591111,3746.713119,3723.525297,3845.05715,3958.873863,4394.410646,4454.63476,4715.105966,4968.664034,5036.254699,4978.680002,5191.583081,5351.369745,5502.258873,5679.278655,5901.242884,6120.745402,6028.995999,5854.861616
Nauru,NRU,..,..,..,..,..,..,..,..,..,..,..,..,..,..,2968.851676,4012.775215,4361.146321,4912.599558,5469.155684,5890.770969,7510.288253,9360.629045,9143.668727,9650.568453,9609.661793
Nepal,NPL,379.0119507,399.4206242,403.0517167,414.7009692,426.1732796,430.067665,440.380401,459.11634,472.7717925,465.5452863,476.4581877,491.6975138,502.2394279,513.1274616,525.0822526,551.6441032,570.9307893,592.1835216,605.6336526,627.1821221,645.2510105,675.7352885,690.075033,685.1185503,728.4000811
Netherlands,NLD,36604.23348,37461.56616,38438.55384,39626.29266,41117.96329,42714.51301,44574.68846,46133.17635,46758.87675,46509.51714,46422.02485,47200.42469,48107.58549,49720.39486,51447.25959,52118.09256,49897.22517,50338.25483,50937.55294,50212.96411,49969.85027,50497.2368,51410.4893,52267.73176,53597.83433
New Caledonia,NCL,..,..,..,..,..,..,..,..,..,..,..,..,..,..,..,..,..,..,..,..,..,..,..,..,..
New Zealand,NZL,24559.66983,25499.58554,26279.10376,26735.05261,27180.29549,27227.40963,28491.4184,28972.97624,29896.57091,30868.58816,31639.47936,32191.95726,32887.05461,33324.50326,34256.7377,33442.25803,33743.99323,33692.01083,34337.46265,35003.27667,35436.32332,36142.52008,37038.85488,37528.45833,37852.87359
Nicaragua,NIC,1063.434612,1076.042539,1117.047273,1165.538367,1190.034897,1213.172425,1277.53416,1309.525597,1328.750088,1320.392956,1335.816943,1388.543261,1429.264574,1464.350519,1518.653199,1550.501295,1480.376529,1526.497938,1603.33429,1687.358681,1750.057433,1812.994743,1878.200769,1944.000979,2016.31995
Niger,NER,336.9447834,338.5924376,335.4807478,334.8455812,331.8965051,353.4172418,338.8477128,322.1498896,332.7555407,330.5481643,335.6682297,323.9699679,326.3317101,332.7108759,330.6332125,349.0046802,333.6902929,348.151511,342.7483339,368.9426894,373.7368462,386.7257997,388.3161935,392.1489365,395.9372887
Nigeria,NGA,1298.440953,1277.992926,1242.738047,1272.72925,1276.24082,1278.651315,1253.047894,1287.059256,1310.505968,1326.242969,1426.903307,1860.062377,1875.029642,1976.708469,2056.838591,2128.666632,2216.499394,2327.32067,2376.638773,2412.860782,2475.948058,2563.092124,2562.522216,2455.918559,2412.41
Northern Mariana Islands,MNP,..,..,..,..,..,..,..,..,..,21177.69637,21687.13219,21573.63096,19408.27827,18673.13235,18056.31724,16639.58126,14155.53999,14681.02308,13712.46164,13803.63606,14089.31129,14468.96404,14919.64002,19115.37648,..
Norway,NOR,65097.06757,67999.73271,70457.6931,73626.15776,77097.89258,78651.55088,79687.50824,81709.66294,82992.53186,83732.93894,84008.9617,86820.34131,88494.36433,89887.01952,91617.27915,90917.54176,88259.96772,87770.26684,87481.14835,88689.49096,88538.69765,89274.95614,90104.04826,90316.97234,91218.61843
Oman,OMN,15894.17039,15923.71335,16295.7348,16548.97305,17445.22727,17889.47471,17843.03579,18698.39975,19308.42061,18772.80037,17881.31476,17671.57505,17631.93969,18063.25193,18302.31933,19112.19706,19408.63402,19281.00081,17913.93164,18300.41451,17830.30899,17167.05043,16957.85427,16962.34878,16144.40722
Pakistan,PAK,787.7941117,796.6305687,815.3359379,833.7471026,821.661818,822.4430367,832.6977922,848.6317831,846.6423731,855.4985498,878.4415197,923.923304,974.5372983,1013.765372,1041.289383,1037.575137,1045.207929,1040.142268,1046.493545,1060.50137,1083.967007,1111.195962,1140.206271,1179.414012,1222.523906
Palau,PLW,..,..,..,..,..,..,..,9342.856624,9747.96668,9949.088637,9638.90077,10138.49913,10701.03038,10360.37124,10356.70776,9638.735295,9071.949137,8932.281387,9439.072261,9738.130397,9516.210878,9692.271751,10577.58332,10477.98208,9983.225708
Panama,PAN,4764.953007,4801.184284,4786.238269,4880.648469,5091.123542,5355.327152,5454.843666,5493.597595,5419.036102,5435.026292,5557.867834,5865.598738,6172.395073,6584.980552,7241.958489,7814.380341,7772.005022,8080.838225,8838.451561,9535.18883,10019.4386,10350.39954,10747.84162,11102.55697,11513.27768
Papua New Guinea,PNG,2038.172015,2105.222575,1984.054845,2082.951656,1950.186521,1828.350075,1814.505556,1724.231682,1678.777706,1634.319987,1628.462846,1631.837735,1693.275104,1690.481672,1833.415921,1785.125121,1862.632052,2004.818112,1982.093324,2029.151908,2061.907247,2329.89087,2402.536246,2398.171166,2401.571381
Paraguay,PRY,2736.967522,2814.7662,2937.576375,2916.516746,2973.314467,2911.633128,2812.382828,2692.504944,2618.725283,2569.691847,2633.235608,2694.059493,2707.974671,2796.03149,2906.435699,3049.873977,2890.343472,3225.591754,3320.79055,3235.723141,3640.522024,3761.911847,3822.862918,3925.563356,3905.929971
Peru,PER,2699.562537,2975.980553,3140.772189,3175.53562,3328.595475,3266.573265,3268.510964,3310.779993,3287.285776,3422.238349,3520.275322,3649.372048,3831.364851,4069.777098,4362.948992,4703.079928,4695.675167,5022.493191,5270.948747,5520.559167,5765.887138,5825.198494,5937.285352,6094.738249,6172.69359
Philippines,PHL,1444.647732,1472.982912,1506.5843,1558.713809,1603.216868,1559.209277,1572.687767,1607.201616,1618.969757,1643.204441,1689.98021,1768.106838,1818.315432,1880.192448,1971.28171,2020.15041,2010.799316,2129.499247,2171.492182,2278.635911,2399.60719,2505.818865,2615.659102,2752.109121,2891.35889
Poland,POL,5827.615341,6123.125295,6539.914121,6930.734714,7373.600979,7711.109205,8069.745125,8526.27042,8635.060575,8815.436579,9135.647814,9610.444356,9950.572675,10572.17619,11322.05462,11801.59974,12126.21561,12599.53358,13224.56909,13437.23994,13632.49795,14090.61514,14642.09649,15067.96985,15751.23383
Portugal,PRT,17278.29946,17398.12751,18080.54707,18642.53929,19380.97543,20207.28368,20874.57846,21513.45973,21777.40814,21824.97562,21540.06971,21877.90694,22004.79943,22306.28405,22817.3218,22829.848,22128.84552,22538.65408,22159.47542,21353.23026,21228.08936,21533.49011,22016.83692,22444.07108,23116.57933
Puerto Rico,PRI,18968.29546,19579.58281,20282.03243,20519.79924,21322.11083,22372.41389,23460.45538,24161.16088,25631.62101,25833.1943,25830.82179,28084.92943,27566.58862,27293.3469,27134.54803,26790.82937,26411.41473,26435.74019,26647.3776,26979.66224,27206.8739,27325.65191,27501.60768,27308.99388,..
Qatar,QAT,..,..,..,..,..,..,..,60858.19122,60707.11988,62167.55765,60460.4202,65405.71777,61688.81193,66623.13611,66761.62274,67262.45171,65769.00718,70306.22784,72670.95866,70396.81612,68899.48531,67901.21881,67277.24313,66410.75647,65696.38713
Romania,ROU,4403.782615,4583.595572,4920.727877,5125.898353,4893.094417,4800.890059,4789.125169,4910.180872,5257.615125,5632.35086,5986.520746,6523.976568,6838.249469,7433.011951,8061.405532,8873.915181,8419.283574,8231.312771,8439.800748,8582.423025,8918.575019,9227.437455,9639.387255,10162.10734,10932.32715
Russian Federation,RUS,7056.15512,6176.8661,5919.340634,5714.551237,5804.142403,5505.62779,5876.14516,6491.001359,6850.517129,7208.570722,7769.670225,8360.81192,8927.905658,9687.493513,10532.32627,11089.92995,10219.52131,10674.98771,11230.38915,11621.38568,11803.70896,11680.59354,11325.78769,11279.62534,11441.00346
Rwanda,RWA,392.2479401,204.7316675,280.4432727,306.51414,327.1785074,329.0491869,319.1570401,327.2360389,342.0567765,377.8012466,379.7101123,401.6007933,430.7967051,459.5659546,482.0370136,521.4454178,539.0743084,563.4013453,592.9894283,627.9684766,640.8137584,672.6396418,714.393932,738.8301857,765.2245578
Samoa,WSM,2307.325323,2227.608084,2357.152358,2509.763369,2512.489995,2556.013867,2600.239269,2766.531042,2942.411939,3052.564998,3171.008606,3296.902352,3412.028304,3456.822436,3651.350951,3663.276816,3462.609224,3453.434298,3624.572902,3609.737119,3510.924883,3524.595649,3555.056033,3782.404853,3851.011967
San Marino,SMR,..,..,..,..,60836.74321,64697.14587,69744.34876,70449.03496,73438.65024,72748.72642,74582.24862,76998.21176,77823.1926,79802.98378,84457.85947,84793.64831,73024.11106,68758.36862,61488.76786,56116.95368,53759.8385,52708.0008,52476.97013,52596.2245,52932.27958
Sao Tome and Principe,STP,..,..,..,..,..,..,..,..,862.9033677,863.4940542,898.6528027,911.0056019,952.6797736,1015.395392,1024.17906,1082.714882,1083.664271,1129.754961,1152.89978,1162.537397,1191.436775,1241.459368,1260.627507,1284.688391,1305.621914
Saudi Arabia,SAU,19413.78293,19041.0584,18648.85687,18744.78051,18588.30435,18763.58593,17690.91757,18263.23008,17585.39045,16619.43466,17954.94979,18822.73004,19309.31207,19304.55023,19136.15923,19792.72038,18861.11,19259.58726,20575.49795,21056.34715,21005.01212,21183.46489,21507.95569,21380.45272,20796.31946
Senegal,SEN,813.5759661,790.4999668,810.5742644,805.924536,810.998708,838.6056186,870.8972957,877.0022533,894.5115972,877.648151,912.250512,940.686921,967.4987203,965.1095026,985.7499137,994.3802342,990.3208722,1002.52994,990.6804733,1003.991525,1008.024039,1018.392748,1052.95882,1092.251162,1134.08224
Serbia,SRB,..,..,3153.383393,3233.09602,3475.102052,3573.088567,3150.463589,3405.779599,3581.974228,3840.397102,4018.506339,4392.277526,4649.576267,4896.824441,5206.253145,5509.058791,5358.843742,5411.877404,5531.218348,5501.696553,5670.71173,5593.061202,5663.392381,5852.384299,5992.282069
Seychelles,SYC,8485.291428,8196.092555,8009.794501,8281.280099,9163.685066,9741.360503,9730.699923,9790.270772,9559.551957,9384.152481,8932.195054,8709.782689,9450.279434,10126.29048,11124.65711,10645.0867,10486.18989,10804.68447,11967.36235,11999.95385,12489.31485,12850.49315,13187.612,13598.33627,13997.0845
Sierra Leone,SLE,349.9552634,345.0370202,318.0885193,323.0980182,302.477296,304.4686385,292.7827748,303.6068833,273.8509094,330.9657797,344.9272878,351.4532072,353.0916884,356.0312804,374.0577672,384.6614598,387.8109952,399.1543676,414.5428763,466.5811728,550.5455624,562.8596746,437.1687798,453.6639216,462.4575982
Singapore,SGP,25990.31403,27939.63486,29008.49955,29951.0196,31363.40899,29641.22583,31197.60512,33390.05848,32191.94009,33242.98633,35233.13448,38117.41053,40020.26016,42223.89136,44191.23809,42650.10208,41133.29981,46569.67951,48505.26439,49262.33358,50948.44618,52244.44041,52785.30643,53353.83946,55235.51289
Sint Maarten (Dutch part),SXM,..,..,..,..,..,..,..,..,..,..,..,..,..,..,..,..,..,..,..,..,..,..,..,..,..
Slovak Republic,SVK,7791.726432,8242.699587,8698.868381,9267.027026,9811.176769,10191.10526,10159.83269,10296.71418,10657.68847,11143.76389,11755.3478,12376.06203,13210.26925,14326.25988,15868.80441,16747.81473,15818.56395,16600.61359,17046.60794,17299.62933,17538.64883,18003.54034,18678.935,19275.08676,19897.15351
Slovenia,SVN,..,..,15062.81794,15602.2229,16422.24551,16998.85709,17882.65865,18570.69607,19088.32622,19796.06709,20346.41582,21218.25215,22029.43035,23201.25791,24673.44469,25447.4259,23252.097,23437.47202,23540.71462,22864.20508,22574.7091,23224.40106,23731.16728,24460.3979,25662.41491
Solomon Islands,SLB,1481.863042,1572.839071,1654.798071,1634.742687,1566.774597,1551.059432,1501.691948,1252.894148,1122.346148,1062.325441,1102.236833,1127.078317,1158.945572,1209.750679,1267.968357,1326.869629,1235.717794,1290.572368,1428.860998,1461.671258,1473.764785,1475.52805,1482.190594,1502.887044,1521.294303
Somalia,SOM,..,..,..,..,..,..,..,..,..,..,..,..,..,..,..,..,..,..,..,..,..,..,..,..,..
South Africa,ZAF,5423.58795,5474.19693,5528.169471,5657.32791,5706.174804,5643.261485,5688.308512,5837.885178,5912.670121,6045.963188,6142.940312,6343.029747,6599.356525,6892.362413,7185.752999,7337.840174,7145.784123,7275.382112,7416.713882,7475.780825,7551.963386,7582.552726,7575.17477,7519.505596,7524.511184
South Sudan,SSD,..,..,..,..,..,..,..,..,..,..,..,..,..,..,..,..,..,..,..,..,..,..,..,..,..
Spain,ESP,22722.15468,23153.1728,23686.84349,24219.32758,25007.89437,25977.00098,27032.22071,28335.00183,29264.88145,29685.36395,30082.62648,30504.35743,31110.01413,31865.36917,32459.91738,32303.24148,30874.12601,30736.62785,30321.70487,29414.85692,29008.02098,29496.37893,30532.44997,31505.6122,32405.75081
Sri Lanka,LKA,1342.141793,1404.005619,1469.150337,1514.602028,1602.51333,1669.295865,1731.907618,1824.793699,1784.138188,1840.640648,1934.147981,2022.910872,2132.442191,2278.969993,2416.589446,2543.043638,2616.086816,2808.545966,3027.11255,3286.138511,3371.317325,3506.871426,3648.23449,3768.666806,3842.295999
St. Kitts and Nevis,KNA,9769.159918,10160.25427,10614.98993,11114.89831,11753.2449,11550.73425,11807.05456,12911.31434,13434.37428,13588.91802,12913.53267,13193.8112,14162.15458,14243.26742,14054.4723,14775.82207,14173.57874,13704.25445,13881.60578,13644.75396,14335.88509,15029.61654,15469.21325,15657.22406,15779.31964
St. Lucia,LCA,6816.402619,6856.089079,6886.779029,6996.278741,6863.160363,7195.660336,7296.611616,7216.905186,6910.881883,6877.974002,7121.560161,7577.646839,7482.707807,7866.949256,7855.140824,8204.541894,8213.888192,8007.696484,8000.14375,7968.681604,8200.491406,8147.523552,8270.707773,8369.264957,8554.586354
St. Martin (French part),MAF,..,..,..,..,..,..,..,..,..,..,..,..,..,..,..,..,..,..,..,..,..,..,..,..,..
St. Vincent and the Grenadines,VCT,3909.27337,3859.174917,4159.202258,4214.568446,4365.191491,4547.157609,4672.245618,4747.958555,4825.096138,5122.706782,5506.245594,5724.059482,5856.494059,6297.323196,6189.769365,6595.305264,6451.664955,6231.770232,6204.161584,6290.566818,6406.296773,6467.158004,6579.123338,6651.267656,6741.827067
Sudan,SDN,847.2767327,833.4175739,860.0040075,886.4757557,953.5548637,967.4051347,969.9569509,1003.00205,1038.581433,1074.639297,1125.764399,1137.563077,1189.960988,1275.262027,1385.410027,1455.318374,1464.2546,1476.478087,1592.9644,1797.106075,1832.313777,1837.138362,1881.895263,1923.995323,1959.153522
Suriname,SUR,5553.559916,5642.080468,5617.985756,5609.78063,5854.596942,5873.953772,5754.922655,5685.38735,5877.680427,6063.103189,6357.903547,6871.839334,7109.369303,7304.041672,7596.079969,7827.231582,7978.388283,8303.31332,8698.302101,8841.044015,9008.756246,8942.960777,8627.527234,8108.236645,8043.462124
Swaziland,SWZ,2746.213164,2759.142666,2835.039052,2881.075168,2904.695585,2916.389077,2946.110668,2953.232303,2952.508373,3059.013874,3158.826098,3250.399217,3411.67334,3568.857276,3668.480734,3633.315589,3622.112,3690.239228,3704.140658,3807.741321,3977.976427,3980.774448,3923.88968,3906.261878,3914.016859
Sweden,SWE,35238.79397,36419.45857,37686.82527,38198.01955,39283.44555,40921.15246,42741.62286,44693.7366,45270.78107,46059.36679,46983.07726,48820.60609,49996.17522,52046.48151,53421.02024,52711.19827,49554.34343,52076.25591,53061.56857,52519.68044,52722.9123,53561.89212,55395.05871,56473.02278,56935.18827
Switzerland,CHE,61602.79012,61889.66595,61773.0963,61833.00711,63127.73967,64822.29415,65607.20926,67807.92681,68264.52626,67860.24483,67385.29767,68781.61259,70471.43852,72823.83726,75143.70222,75793.63304,73189.19255,74605.72102,75029.75782,74984.13712,75499.70674,76410.85666,76472.45949,76682.6448,76667.44404
Syrian Arab Republic,SYR,..,..,..,..,..,..,..,..,..,..,..,..,..,..,..,..,..,..,..,..,..,..,..,..,..
Tajikistan,TJK,665.3956043,515.7633679,445.1562471,365.4377265,366.34296,380.1595795,388.2172197,413.5864407,447.7821782,486.86546,529.8052126,572.5390397,598.3022298,626.7972215,661.344188,698.2302241,708.9453451,738.3475227,775.2992963,814.7750688,855.5135417,892.6400458,925.6216384,968.3856026,1015.472189
Tanzania,TZA,464.5330542,456.8931243,459.174973,466.8130068,470.7223677,475.9287092,486.4109311,497.2041799,512.9682702,534.6966523,555.4960362,581.7724109,610.8223261,620.0597093,651.9036581,666.8132396,680.8061303,701.6045501,733.670799,747.6644526,777.4036384,806.1500979,835.9704957,867.038122,900.5230167
Thailand,THA,3081.753035,3297.867794,3530.293985,3688.934203,3545.388061,3235.732243,3345.156015,3458.053931,3544.208344,3731.027107,3969.415566,4190.032276,4337.263357,4525.159282,4744.333227,4800.810537,4743.690472,5075.302176,5093.5805,5437.227931,5558.841094,5591.10558,5739.762652,5910.454567,6125.660289
Timor-Leste,TLS,..,..,..,..,..,..,..,1345.386387,1434.770748,1290.984812,1226.557694,1940.036839,2559.622172,3549.775529,3676.291015,3994.815256,3704.99031,3603.757284,3952.019855,4057.733903,3527.15395,2547.158722,3009.148772,2967.731466,2672.097096
Togo,TGO,411.1814401,461.5770317,484.9355029,512.8798386,568.9841883,538.7340445,535.3224543,515.6697724,493.2483012,475.6991967,486.3091915,483.7654654,476.6715475,482.8596363,480.7759078,478.3617755,481.960278,487.9238913,498.242898,508.540042,514.944966,531.1561022,545.5778849,560.6976549,577.3822561
Tonga,TON,2801.391192,2934.332372,3035.553937,3026.633815,3011.526285,3080.347002,3184.965162,3275.812111,3375.593856,3470.833238,3522.531941,3488.58299,3521.507097,3470.646555,3304.360697,3385.348107,3442.872153,3548.068399,3631.543271,3650.819251,3524.232073,3581.836612,3694.462409,3792.290149,3862.304419
Trinidad and Tobago,TTO,6391.766956,6588.395797,6869.498121,7339.932247,7877.61857,8505.065403,9171.360427,9779.496344,10151.96096,10910.89782,12426.14911,13346.59238,14105.34131,15892.28724,16570.06904,17052.25938,16226.51311,16683.94578,16551.48645,16680.68044,16761.08637,16641.73767,16824.67264,15765.96432,15350.85058
Tunisia,TUN,2389.500954,2418.183697,2432.312511,2566.128587,2668.810553,2762.554295,2897.983685,3004.610765,3091.102768,3107.020644,3228.463834,3403.105234,3492.165944,3641.543396,3847.406974,3968.352556,4044.629689,4140.15177,4014.916793,4127.401091,4196.784208,4271.326849,4270.874048,4269.139768,4303.963611
Turkey,TUR,7343.331146,6889.816995,7315.413146,7731.425161,8186.506391,8244.763414,7842.847644,8237.608713,7631.650131,8003.738381,8332.027503,9009.88607,9692.129567,10251.37718,10638.06334,10599.63117,9973.6633,10672.40016,11683.60448,12052.72008,12866.09535,13312.4552,13898.74884,14117.43687,14933.26521
Turkmenistan,TKM,2808.248528,2263.556345,2054.28249,2151.272564,1876.367762,1983.015436,2282.975922,2381.17573,2458.50768,2440.277346,2495.288357,2593.515254,2900.122554,3181.073794,3489.330062,3949.048234,4129.543531,4439.203,5006.296232,5462.980549,5909.771043,6399.270662,6693.93561,6986.855944,7317.549506
Turks and Caicos Islands,TCA,..,..,..,..,..,..,..,..,..,..,..,..,..,..,..,..,..,..,..,..,..,..,..,..,..
Tuvalu,TUV,2596.560334,2852.982977,2698.462022,2530.468874,2777.296226,3197.814621,3134.670555,3079.530118,3099.581038,3301.329794,3148.148955,3065.716858,2910.713797,2940.711448,3095.098587,3310.835164,3133.46343,3021.889528,3219.357228,3067.877977,3180.408846,3196.979127,3459.778551,3533.942261,3617.528946
Uganda,UGA,323.2289648,333.0051778,359.764288,380.3386955,387.6006622,394.2473395,412.7985238,412.1964266,419.3358307,440.6522238,453.1978433,467.4800177,480.0954072,513.7528175,538.0394288,565.0679211,583.0970868,595.2061732,629.240517,631.5551889,632.4862087,642.8773857,654.1365785,662.4344017,666.6058353
Ukraine,UKR,2797.568406,2166.693021,1917.451372,1741.088714,1704.314024,1686.941787,1699.517473,1817.997101,2005.315142,2130.658559,2349.931508,2654.333548,2746.049802,2966.500062,3220.013557,3311.95841,2834.343245,2965.142365,3138.46507,3153.739245,3160.083736,3123.915572,2828.88539,2905.85744,2991.629311
United Arab Emirates,ARE,60133.19296,60932.27764,61818.23378,62294.12897,64176.48416,61231.22972,59845.03704,62833.25107,60434.67398,58707.00717,59867.28994,60042.59735,56199.02927,53926.5971,48260.01091,43658.94478,37203.39799,35037.89267,35730.32935,36376.45368,37765.71684,39146.11209,40753.88634,41449.68142,41197.16878
United Kingdom,GBR,28967.15505,30014.5814,30674.60555,31373.34119,32556.3167,33480.16601,34442.10709,35576.76685,36341.70975,37077.64835,38132.84109,38813.02169,39740.90292,40418.7473,41050.40593,40536.13486,38545.91582,38893.01849,39150.75602,39455.41214,39996.5019,40908.74586,41536.91912,42039.73636,42514.48745
United States,USA,37078.04968,38104.97247,38677.71509,39681.51986,40965.84665,42292.8912,43768.88499,45055.81792,45047.4872,45428.64568,46304.03609,47614.27986,48755.61606,49575.40101,49979.53384,49364.64455,47575.60856,48375.40695,48786.45498,49498.39092,49971.95136,50871.67408,51933.40481,52319.16335,53128.5397
Uruguay,URY,7720.466601,8221.949443,8044.641748,8432.62114,9089.122904,9438.883055,9207.792287,8997.660123,8636.545266,7967.162565,8036.479224,8442.549555,9068.239209,9424.516991,10014.87202,10698.05201,11112.45603,11938.212,12512.91348,12913.10408,13467.43784,13856.69518,13859.40739,14042.63899,14362.56121
Uzbekistan,UZB,804.9381076,748.2473279,728.2351846,726.5841524,750.091377,769.8543247,794.3493887,813.2037695,836.6986545,859.5821277,885.3221269,942.5540546,996.8680521,1056.666813,1145.083807,1228.264565,1305.538213,1377.08214,1451.883505,1547.98156,1645.910721,1744.491243,1851.472779,1961.482175,2031.047754
Vanuatu,VUT,2508.619083,2662.602517,2625.162771,2630.530366,2709.341433,2777.022822,2736.12334,2839.932473,2679.655543,2481.522931,2522.922814,2556.899434,2625.269068,2777.665956,2850.723048,2962.008224,2987.93517,2965.802434,2932.872081,2916.639353,2907.610231,2909.775418,2823.707829,2873.692937,2939.520707
"Venezuela, RB",VEN,12896.47719,12325.15263,12545.25073,12265.36138,12787.04467,12574.7437,11597.99475,11799.88332,11975.38175,10717.1845,9710.3066,11285.87053,12237.93501,13221.4769,14143.71811,14652.24075,13961.94516,13545.26345,13902.51142,14473.53142,14462.4197,13709.04305,..,..,..
Vietnam,VNM,505.1100338,539.6081214,581.0760828,625.5842688,667.1428597,696.6100202,721.2356681,761.6101712,800.2599286,842.3655168,891.8711814,950.1299117,1012.370707,1073.0128,1138.873683,1191.998753,1244.037152,1310.370273,1377.133984,1433.129144,1493.56251,1565.020497,1651.234675,1735.290954,1834.651595
Virgin Islands (U.S.),VIR,..,..,..,..,..,..,..,..,..,36687.05451,36565.82939,37654.27428,39026.65456,40472.66295,42118.35626,42491.45402,39667.1916,40043.19017,36798.69903,31301.00173,29525.471,29284.75729,29389.05767,..,..
West Bank and Gaza,PSE,..,1526.384186,1563.543901,1603.896988,1900.597355,2333.567478,2683.161336,2355.633276,2147.99002,2064.11993,2205.102397,2334.240987,2524.266474,2347.796268,2249.04056,2024.515542,2342.264497,2338.719877,2441.620931,2713.715688,2521.186184,2420.987859,2641.798948,2655.539465,2494.057016
"Yemen, Rep.",YEM,1000.715818,1018.886468,1032.52087,1041.703494,1061.490766,1092.801072,1102.613057,1138.24712,1148.427594,1160.243217,1170.143572,1182.898227,1214.704642,1219.007438,1225.472363,1235.811565,1249.033654,1309.231935,1112.351911,1108.894978,1132.097463,1101.117227,674.8635359,432.3861039,..
Zambia,ZMB,1015.111391,903.8915249,905.5546419,935.5299386,943.8554693,913.4123619,928.8635825,938.3511567,961.4999316,978.0534306,1018.361971,1061.197731,1107.728175,1163.302727,1226.540548,1285.864528,1365.402344,1463.213573,1499.728311,1565.900334,1595.915037,1620.82329,1618.457665,1629.590305,1646.143835
Zimbabwe,ZWE,1152.450443,1234.966182,1214.693461,1317.509864,1330.676287,1347.9718,1317.968845,1261.163088,1264.430623,1139.590072,935.930159,871.6671065,811.5629544,772.4725871,732.7699838,593.1272475,652.2887328,719.9795163,813.8340116,913.5306304,942.0386593,939.7802723,933.5032667,917.5637197,927.398658
Arab World,ARB,4347.911537,4376.092163,4362.829426,4458.034692,4546.27198,4681.204336,4670.118174,4818.589735,4795.152767,4724.64581,4870.031225,5208.602873,5382.99375,5599.102508,5713.955066,5898.88525,5784.690614,5917.245724,5989.899176,6246.939955,6301.039057,6317.591362,6389.313945,6449.365049,6399.6786
Caribbean small states,CSS,6178.42569,6296.508177,6435.901057,6599.931431,6750.015367,6899.74037,7134.539337,7331.643961,7429.498142,7654.439305,8038.204641,8308.298071,8558.331571,9069.133411,9295.101868,9355.413993,8970.52552,9039.288633,9075.82274,9140.485318,9172.523645,9169.712516,9226.215755,9001.24386,8955.868882
Central Europe and the Baltics,CEB,6483.7493,6754.983814,7152.070799,7486.167958,7722.977674,7947.940392,8119.886811,8502.157814,8810.142586,9174.937398,9612.870124,10177.60014,10708.72928,11441.21337,12217.9349,12722.76819,12300.30218,12556.4916,13005.62315,13118.85387,13323.82218,13748.87857,14304.99423,14781.07226,15498.62776
Early-demographic dividend,EAR,2039.258711,2057.373231,2071.9283,2143.878226,2202.826096,2202.805693,2195.14243,2252.43947,2234.238843,2230.997297,2298.201512,2412.435266,2523.766842,2640.742791,2760.856799,2815.729224,2792.375176,2927.961205,3035.252193,3117.675026,3205.246257,3286.88532,3392.360277,3497.886246,3610.453799
East Asia & Pacific,EAS,4492.0752,4628.661042,4807.180684,4993.328789,5108.943796,5049.809632,5149.709859,5350.872743,5445.228496,5594.411603,5786.365397,6037.855815,6295.72768,6596.03397,6973.348642,7168.063685,7218.34688,7676.519196,7977.521418,8294.496869,8629.710802,8924.758276,9233.881934,9547.669364,9914.871663
East Asia & Pacific (excluding high income),EAP,1202.673986,1313.572038,1423.358906,1531.860949,1620.213311,1630.101969,1711.602147,1821.967485,1926.088342,2059.061576,2219.858451,2398.609881,2610.67447,2869.771289,3195.164842,3439.579703,3677.875946,4008.910458,4317.139908,4607.845816,4903.598404,5197.230214,5495.109203,5800.725561,6137.731895
East Asia & Pacific (IDA & IBRD countries),TEA,1215.733065,1327.86224,1438.85329,1548.521649,1637.79526,1647.742127,1730.081227,1841.608546,1946.836924,2081.236065,2243.783997,2424.48442,2638.842897,2900.725166,3229.584834,3476.568558,3717.358011,4051.865803,4363.31735,4657.050937,4955.857321,5252.492656,5553.408829,5862.111175,6202.479585
Euro area,EMU,29435.60338,30075.54758,30740.08018,31188.00314,31957.63295,32836.35916,33729.87841,34916.69293,35533.90232,35722.27549,35785.39211,36416.45628,36845.66407,37860.979,38815.7134,38796.49742,36924.03812,37605.14595,38291.19819,37865.39869,37643.64172,38017.12481,38687.9875,39259.42319,40088.65413
Europe & Central Asia,ECS,17189.50772,17334.7756,17675.12493,17960.99531,18463.82051,18896.81926,19420.05965,20233.53951,20647.5212,20969.52047,21306.30399,21933.25098,22470.35869,23283.01063,24059.12763,24204.70591,23028.55345,23531.20147,24040.74504,24014.35613,24115.38795,24442.27636,24805.14337,25139.25265,25682.87913
Europe & Central Asia (excluding high income),ECA,4996.33719,4466.598777,4406.882784,4404.491545,4518.256825,4436.831375,4530.172377,4891.320247,5022.309784,5301.550302,5661.528534,6124.707679,6554.786876,7078.045167,7609.254924,7920.197707,7412.795741,7756.547778,8220.010691,8472.652909,8760.669922,8901.821557,8897.775232,8977.83981,9284.089292
Europe & Central Asia (IDA & IBRD countries),TEC,5114.104955,4656.167469,4639.750452,4679.542675,4826.827792,4786.054056,4900.381561,5268.489265,5399.818085,5673.491696,6032.498089,6496.574812,6919.228228,7451.563274,8002.994638,8327.605368,7885.208574,8231.739191,8704.55634,8946.229177,9220.232343,9384.302415,9427.67562,9537.508118,9874.247475
European Union,EUU,25117.273,25767.59504,26403.63774,26886.44673,27613.99938,28395.4843,29194.33914,30282.99955,30888.61681,31228.0601,31522.18935,32203.56696,32753.2935,33723.54278,34626.92143,34663.28679,33056.42608,33677.00264,34279.1075,34059.02927,34045.56745,34531.85582,35226.03515,35809.95475,36593.03112
Fragile and conflict affected situations,FCS,959.5824614,966.2265474,973.5459785,1014.596584,1065.219024,1164.678347,1218.849465,1211.657399,1215.425404,1179.860508,1096.265348,1218.744812,1268.411408,1320.850159,1358.096514,1396.520188,1427.112401,1479.234068,1365.420315,1520.997267,1539.46966,1519.950584,1517.199801,1545.712409,1561.953824
Heavily indebted poor countries (HIPC),HPC,567.7579627,552.6434929,562.1636596,576.1214552,584.886909,589.3301714,590.7053706,590.4481084,598.5726865,602.325251,612.0027764,627.7898096,647.6315886,667.805307,692.7588322,714.2352254,724.2019287,744.2755543,757.9835503,779.7438627,801.9753381,823.7019608,842.0338096,856.3234381,877.1504356
High income,HIC,29316.81461,30037.05087,30618.80055,31317.32715,32163.71728,32822.84125,33658.8544,34786.09324,35041.96195,35313.26151,35832.27422,36764.25346,37522.67171,38370.4111,39077.71999,38889.95906,37279.85787,38137.9429,38667.75773,38911.06896,39211.17064,39752.01292,40434.34691,40858.42135,41538.67606
IBRD only,IBD,2377.756819,2405.448059,2460.347669,2545.533993,2638.280929,2655.746459,2705.209474,2823.622078,2882.613019,2968.035315,3093.085315,3295.008239,3488.215737,3729.29167,4012.174117,4195.367405,4238.705427,4509.496048,4740.850886,4928.737665,5122.72685,5289.106788,5439.390121,5608.079359,5826.595317
IDA & IBRD total,IBT,2041.608107,2058.75946,2100.07026,2167.708163,2238.889973,2250.165697,2286.201462,2377.692096,2422.203118,2485.96688,2583.955757,2751.964809,2902.808744,3092.157366,3312.765709,3452.828481,3484.336936,3692.352833,3865.98386,4007.375358,4153.829352,4279.156757,4386.942793,4505.158191,4663.988775
IDA blend,IDB,1040.167146,1034.602447,1028.517581,1052.353574,1048.472134,1051.358672,1046.923507,1063.158444,1074.23338,1080.576327,1121.424356,1297.749438,1332.313511,1394.271801,1445.867073,1472.744526,1514.091397,1568.258385,1604.237195,1638.112566,1684.312695,1741.85925,1767.291762,1754.643098,1762.471597
IDA only,IDX,531.1415092,520.0460106,530.801348,544.1430954,554.8437048,562.68916,571.1169164,579.6108263,594.091132,602.363922,618.9858968,639.8209212,666.5371198,694.1955842,727.2231331,755.5478116,773.3330927,801.9144491,818.7121866,848.1517611,879.1808952,908.1930338,923.937861,943.4840829,979.2301402
IDA total,IDA,706.1197487,696.9038399,701.1327503,717.7974743,722.9404958,728.734587,732.235836,743.1175478,755.8872662,763.0415013,787.6394444,862.26565,891.1258885,930.2157011,969.2101615,996.6704878,1022.502552,1059.915652,1083.504836,1114.32584,1150.502373,1189.374405,1208.50288,1216.636764,1242.076295
Late-demographic dividend,LTE,2741.091837,2803.775064,2912.532757,3009.588847,3129.555751,3165.488064,3268.598147,3463.047116,3600.506125,3774.685805,3987.927442,4273.865242,4550.818242,4917.593092,5357.505161,5672.140977,5786.756737,6191.212761,6574.93945,6885.115853,7199.15158,7482.495935,7721.094374,7957.27327,8290.476417
Latin America & Caribbean,LCN,6782.955219,6974.316133,6960.91113,7089.547381,7335.834035,7384.276218,7284.781136,7450.23613,7412.38858,7334.950156,7352.062192,7718.530286,7944.639914,8257.4867,8604.482069,8832.629733,8562.758452,8954.198193,9234.841668,9384.638561,9537.854626,9527.06408,9433.139402,9291.033132,9356.347607
Latin America & Caribbean (excluding high income),LAC,6560.432895,6732.931324,6721.168564,6820.076778,7025.340264,7039.708213,6954.181054,7138.011759,7116.768571,7099.260029,7065.056114,7392.664939,7582.442439,7866.272289,8182.604373,8405.488952,8172.997444,8525.51376,8777.412775,8940.10798,9084.121701,9096.168352,8965.765394,8830.612524,8878.918997
Latin America & the Caribbean (IDA & IBRD countries),TLA,6748.293834,6939.666148,6918.222445,7042.828539,7287.729449,7329.382789,7213.94638,7374.568183,7323.162367,7241.811604,7258.128077,7615.152032,7842.506176,8155.694304,8507.166251,8741.580918,8469.100261,8869.277877,9155.557198,9306.716254,9462.123256,9452.151346,9352.237666,9211.783411,9273.423067
Least developed countries: UN classification,LDC,462.348694,454.6266572,468.1217826,483.2629439,494.02843,500.9330576,508.8080574,517.5498138,531.384442,544.6579631,560.8715566,583.9445247,619.4507332,655.6272887,700.9307343,735.7276049,753.3071985,779.3835682,792.9518781,817.6854345,845.4040486,870.2707626,881.9400078,892.547072,917.8851859
Low & middle income,LMY,1930.622281,1942.279676,1982.270768,2044.312296,2107.295608,2114.017581,2152.893527,2243.528038,2291.61774,2361.972873,2454.597335,2615.847451,2761.236478,2943.316668,3155.341129,3291.262519,3329.398078,3530.088721,3696.997919,3839.976331,3985.612436,4112.861758,4218.148142,4338.630121,4494.808902
Low income,LIC,491.7681276,484.9813259,488.8518564,501.1086099,505.1602709,508.7162807,511.095999,509.1376527,518.1381113,516.5692582,518.7203912,532.4454888,549.1512539,560.1121443,578.1186672,590.2114621,604.7753734,628.5095705,639.9913588,663.0666538,683.5199985,704.3761521,698.9221962,698.2188246,719.3493021
Lower middle income,LMC,935.2952969,943.6608307,970.2506687,1009.185006,1029.37133,1014.82167,1041.928171,1068.441721,1095.608169,1119.881377,1171.629357,1251.418591,1315.70182,1393.933161,1481.427378,1531.116621,1583.778773,1675.126561,1740.546892,1802.868046,1874.469404,1951.654076,2033.123071,2108.047775,2189.101599
Middle East & North Africa,MEA,5200.089992,5223.368523,5235.322608,5368.3022,5434.905427,5567.860679,5559.085035,5764.205897,5725.070613,5711.593046,5911.150534,6264.609392,6451.707657,6697.669568,6892.974895,7046.018829,6933.160793,7126.771933,7234.396066,7363.625214,7410.03313,7476.894261,7523.607911,7732.761749,7740.078572
Middle East & North Africa (excluding high income),MNA,2796.395572,2777.500387,2790.167222,2896.292247,2930.093372,3064.335549,3138.182221,3212.542475,3226.470264,3278.39426,3311.593394,3514.974553,3611.130511,3741.79341,3897.362938,3959.950453,3990.064661,4122.744868,4008.629511,4047.987939,4038.418485,4049.322406,4016.687432,4225.51373,4302.097106
Middle East & North Africa (IDA & IBRD countries),TMN,2808.662347,2790.303316,2802.955746,2910.047862,2941.121082,3071.947031,3142.616033,3221.409014,3237.851937,3291.369494,3323.448413,3527.725465,3622.882502,3757.150994,3915.75904,3981.898457,4008.810147,4143.28874,4026.785721,4063.470199,4056.347491,4068.845058,4033.205802,4244.680869,4324.599346
Middle income,MIC,2066.65083,2081.747576,2127.018725,2195.817676,2266.346402,2275.530897,2320.171823,2422.170173,2477.026224,2557.476502,2662.54026,2842.791957,3005.85197,3210.622695,3448.72874,3603.574851,3649.783612,3876.344295,4066.878628,4230.022631,4396.795286,4543.454872,4668.64685,4811.029133,4992.045729
North America,NAC,36940.70496,37989.48988,38573.15504,39496.96812,40773.65447,42085.24825,43586.39797,44923.36444,44948.91597,45382.50935,46206.9726,47479.80255,48608.10518,49432.09429,49847.66816,49289.29888,47481.75506,48291.07443,48760.69903,49427.21944,49916.10125,50812.04926,51775.52607,52132.23986,52950.93778
Not classified,INX,..,..,..,..,..,..,..,..,..,..,..,..,..,..,..,..,..,..,..,..,..,..,..,..,..
OECD members,OED,27960.2452,28586.34562,29127.11077,29792.17104,30591.86698,31223.95564,32007.25434,33061.59609,33276.02002,33558.38851,33975.19378,34807.00781,35496.20343,36273.86579,36905.1322,36684.9175,35134.90176,35907.01717,36366.3108,36591.13875,36871.58641,37387.26674,38048.30916,38455.91097,39126.17874
Other small states,OSS,..,..,..,..,..,..,..,8084.785548,8278.545987,8496.367117,8692.070217,9326.791929,9666.177401,10488.85917,11240.94515,11767.28511,11678.91721,12332.78969,12965.6333,13131.73273,13227.47701,13318.8641,13387.67214,13398.37261,13426.66956
Pacific island small states,PSS,2550.159979,2628.478516,2685.53612,2724.37819,2653.610543,2672.901573,2769.238427,2720.324806,2721.252787,2743.840311,2772.118966,2850.076862,2883.34155,2916.790883,2915.668989,2932.397284,2854.365798,2896.750044,2977.098395,2992.009678,3037.269345,3116.110113,3177.996766,3203.184406,3266.957331
Post-demographic dividend,PST,29949.23831,30660.44263,31317.20038,32038.77995,32911.10068,33613.97013,34558.42072,35742.15538,36100.54514,36476.76205,36999.42064,37946.56645,38744.43076,39629.91448,40376.77807,40194.19715,38557.21574,39447.16554,39956.64013,40227.82215,40559.6021,41143.97014,41820.80219,42304.0009,43063.61167
Pre-demographic dividend,PRE,850.6955835,835.2772061,836.0892986,863.9518513,892.4519951,938.587504,958.0693844,960.7158998,974.8668001,968.3734407,942.0184396,1110.69336,1143.067733,1203.610599,1255.12586,1303.621764,1328.05381,1368.381732,1391.502405,1434.646495,1471.485876,1497.70382,1509.341346,1505.731232,1492.199959
Small states,SST,..,..,..,..,7099.228137,7256.029821,7356.178472,7561.155997,7723.844704,7933.749671,8162.995109,8686.96384,8992.95167,9705.908612,10309.38866,10718.94108,10583.25951,11095.11531,11590.08754,11741.01818,11834.77188,11920.42785,11999.14729,11979.52053,12008.46509
South Asia,SAS,578.8450331,601.2496322,630.0280969,659.8529432,671.6209904,695.7087553,735.6648999,751.6179907,769.7552953,784.2278564,826.4422258,873.7147002,934.8270316,999.8511888,1073.256495,1098.340981,1164.780741,1252.229347,1312.784326,1366.373401,1429.997669,1509.937538,1603.955546,1692.050698,1779.482045
South Asia (IDA & IBRD),TSA,578.8450331,601.2496322,630.0280969,659.8529432,671.6209904,695.7087553,735.6648999,751.6179907,769.7552953,784.2278564,826.4422258,873.7147002,934.8270316,999.8511888,1073.256495,1098.340981,1164.780741,1252.229347,1312.784326,1366.373401,1429.997669,1509.937538,1603.955546,1692.050698,1779.482045
Sub-Saharan Africa,SSF,1128.52201,1118.426633,1124.544711,1152.714627,1162.883713,1159.644266,1153.556531,1163.819014,1178.073678,1190.993325,1215.996101,1322.094126,1359.55195,1415.70557,1476.517627,1514.362588,1515.686944,1554.501473,1580.12465,1603.631189,1635.310766,1665.961688,1671.892733,1649.193358,1647.818062
Sub-Saharan Africa (excluding high income),SSA,1127.564716,1117.506457,1123.660867,1151.810557,1161.883123,1158.577768,1152.497774,1162.772814,1177.083449,1190.021632,1215.116058,1321.278258,1358.677685,1414.769844,1475.503347,1513.40828,1514.77154,1553.556913,1579.11894,1602.642608,1634.287588,1664.919601,1670.824565,1648.099295,1646.703275
Sub-Saharan Africa (IDA & IBRD countries),TSS,1128.52201,1118.426633,1124.544711,1152.714627,1162.883713,1159.644266,1153.556531,1163.819014,1178.073678,1190.993325,1215.996101,1322.094126,1359.55195,1415.70557,1476.517627,1514.362588,1515.686944,1554.501473,1580.12465,1603.631189,1635.310766,1665.961688,1671.892733,1649.193358,1647.818062
Upper middle income,UMC,3147.396491,3177.475073,3249.273952,3355.836461,3484.729856,3526.75588,3598.759416,3787.526458,3882.578994,4033.456898,4207.098261,4506.150634,4787.803896,5142.40597,5558.535925,5844.573538,5901.56054,6294.677976,6642.470033,6936.872159,7229.754239,7474.501693,7668.811044,7908.037302,8224.502075
World,WLD,7173.987817,7280.646334,7389.726589,7530.737736,7699.602858,7786.34802,7932.524057,8172.629286,8222.100341,8293.676727,8428.105858,8693.748741,8915.315594,9184.826505,9456.070289,9509.826068,9231.311353,9513.617798,9701.33034,9826.181501,9963.025817,10126.0836,10293.30349,10428.48323,10633.997
